<?xml version="1.0" encoding="UTF-8"?>
<jcr:root xmlns:sling="http://sling.apache.org/jcr/sling/1.0" xmlns:cq="http://www.day.com/jcr/cq/1.0" xmlns:jcr="http://www.jcp.org/jcr/1.0" xmlns:nt="http://www.jcp.org/jcr/nt/1.0"
    jcr:primaryType="nt:unstructured"
    jcr:title="Footer Information"
    sling:resourceType="cq/gui/components/authoring/dialog"
    height="30rem"
    mode="edit"
    width="50rem">
    <content
        jcr:primaryType="nt:unstructured"
        sling:resourceType="granite/ui/components/foundation/container">
        <layout
            jcr:primaryType="nt:unstructured"
            sling:resourceType="granite/ui/components/foundation/layouts/tabs"
            type="nav"/>
        <items jcr:primaryType="nt:unstructured">
            <tab1
                jcr:primaryType="nt:unstructured"
                jcr:title="About"
                sling:resourceType="granite/ui/components/foundation/section">
                <layout
                    jcr:primaryType="nt:unstructured"
                    sling:resourceType="granite/ui/components/foundation/layouts/fixedcolumns"
                    margin="{Boolean}false"/>
                <items jcr:primaryType="nt:unstructured">
                    <column
                        jcr:primaryType="nt:unstructured"
                        sling:resourceType="granite/ui/components/foundation/container">
                        <items jcr:primaryType="nt:unstructured">
                            <text
                                jcr:primaryType="nt:unstructured"
                                sling:resourceType="cq/gui/components/authoring/dialog/richtext"
                                name="./richtext_neat"
                                useFixedInlineToolbar="{Boolean}true">
                                <rtePlugins jcr:primaryType="nt:unstructured">
                                    <format
                                        jcr:primaryType="nt:unstructured"
                                        features="*"/>
                                    <justify
                                        jcr:primaryType="nt:unstructured"
                                        features="*"/>
                                    <lists
                                        jcr:primaryType="nt:unstructured"
                                        features="*"/>
                                    <links
                                        jcr:primaryType="nt:unstructured"
                                        features="*"/>
                                    <table
                                        jcr:primaryType="nt:unstructured"
                                        features="[\0]">
                                        <hiddenHeaderConfig
                                            jcr:primaryType="nt:unstructured"
                                            hiddenHeaderClassName="cq-wcm-foundation-aria-visuallyhidden"
                                            hiddenHeaderEditingCSS="coral-RichText-hiddenHeader--editing"/>
                                    </table>
                                    <paraformat
                                        jcr:primaryType="nt:unstructured"
                                        features="*"
                                        width="100">
                                        <formats jcr:primaryType="cq:WidgetCollection">
                                            <p
                                                jcr:primaryType="nt:unstructured"
                                                description="Paragraph"
                                                tag="p"/>
                                            <h2
                                                jcr:primaryType="nt:unstructured"
                                                description="Header 2"
                                                tag="h2"/>
                                            <h3
                                                jcr:primaryType="nt:unstructured"
                                                description="Header 3"
                                                tag="h3"/>
                                            <h4
                                                jcr:primaryType="nt:unstructured"
                                                description="Header 4"
                                                tag="h4"/>
                                        </formats>
                                    </paraformat>
                                </rtePlugins>
                                <uiSettings jcr:primaryType="nt:unstructured">
                                    <cui jcr:primaryType="nt:unstructured">
                                        <inline
                                            jcr:primaryType="nt:unstructured"
                                            toolbar="[format#bold,format#italic,format#underline,#paraformat,image#imageProps,#justify,#lists,links#modifylink,links#unlink]">
                                            <popovers jcr:primaryType="nt:unstructured">
                                                <justify
                                                    jcr:primaryType="nt:unstructured"
                                                    items="[justify#justifyleft,justify#justifycenter,justify#justifyright]"
                                                    ref="justify"/>
                                                <lists
                                                    jcr:primaryType="nt:unstructured"
                                                    items="[lists#unordered,lists#ordered,lists#outdent,lists#indent]"
                                                    ref="lists"/>
                                                <paraformat
                                                    jcr:primaryType="nt:unstructured"
                                                    items="paraformat:getFormats:paraformat-pulldown"
                                                    ref="paraformat"/>
                                            </popovers>
                                        </inline>
                                    </cui>
                                </uiSettings>
                            </text>
                        </items>
                    </column>
                </items>
            </tab1>
            <tab2
                jcr:primaryType="nt:unstructured"
                jcr:title="Latest Posts"
                sling:resourceType="granite/ui/components/foundation/container">
                <layout
                    jcr:primaryType="nt:unstructured"
                    sling:resourceType="granite/ui/components/foundation/layouts/fixedcolumns"/>
                <items jcr:primaryType="nt:unstructured">
                    <columns
                        jcr:primaryType="nt:unstructured"
                        sling:resourceType="granite/ui/components/foundation/container">
                        <items jcr:primaryType="nt:unstructured">
                            <titlelp
                                jcr:primaryType="nt:unstructured"
                                sling:resourceType="cq/gui/components/authoring/dialog/richtext"
                                fieldLabel="Enter Title"
                                name="./title_latestpost"
                                useFixedInlineToolbar="{Boolean}true">
                                <uiSettings jcr:primaryType="nt:unstructured">
                                    <cui jcr:primaryType="nt:unstructured">
                                        <inline
                                            jcr:primaryType="nt:unstructured"
                                            toolbar="[format#bold,format#italic,format#underline,#paraformat,image#imageProps,#justify,#lists,links#modifylink,links#unlink]">
                                            <popovers jcr:primaryType="nt:unstructured">
                                                <justify
                                                    jcr:primaryType="nt:unstructured"
                                                    items="[justify#justifyleft,justify#justifycenter,justify#justifyright]"
                                                    ref="justify"/>
                                                <lists
                                                    jcr:primaryType="nt:unstructured"
                                                    items="[lists#unordered,lists#ordered,lists#outdent,lists#indent]"
                                                    ref="lists"/>
                                                <paraformat
                                                    jcr:primaryType="nt:unstructured"
                                                    items="paraformat:getFormats:paraformat-pulldown"
                                                    ref="paraformat"/>
                                            </popovers>
                                        </inline>
                                    </cui>
                                </uiSettings>
                                <rtePlugins jcr:primaryType="nt:unstructured">
                                    <format
                                        jcr:primaryType="nt:unstructured"
                                        features="*"/>
                                    <justify
                                        jcr:primaryType="nt:unstructured"
                                        features="*"/>
                                    <lists
                                        jcr:primaryType="nt:unstructured"
                                        features="*"/>
                                    <links
                                        jcr:primaryType="nt:unstructured"
                                        features="*"/>
                                    <table
                                        jcr:primaryType="nt:unstructured"
                                        features="[\0]">
                                        <hiddenHeaderConfig
                                            jcr:primaryType="nt:unstructured"
                                            hiddenHeaderClassName="cq-wcm-foundation-aria-visuallyhidden"
                                            hiddenHeaderEditingCSS="coral-RichText-hiddenHeader--editing"/>
                                    </table>
                                    <paraformat
                                        jcr:primaryType="nt:unstructured"
                                        features="*"
                                        width="100">
                                        <formats jcr:primaryType="cq:WidgetCollection">
                                            <p
                                                jcr:primaryType="nt:unstructured"
                                                description="Paragraph"
                                                tag="p"/>
                                            <h2
                                                jcr:primaryType="nt:unstructured"
                                                description="Header 2"
                                                tag="h2"/>
                                            <h3
                                                jcr:primaryType="nt:unstructured"
                                                description="Header 3"
                                                tag="h3"/>
                                            <h4
                                                jcr:primaryType="nt:unstructured"
                                                description="Header 4"
                                                tag="h4"/>
                                        </formats>
                                    </paraformat>
                                </rtePlugins>
                            </titlelp>
                            <latestpost
                                jcr:primaryType="nt:unstructured"
                                sling:resourceType="granite/ui/components/foundation/form/multifield"
                                baseNode="multiposts_"
                                eaem-nested=""
                                fieldLabel="Enter the Links">
                                <field
                                    jcr:primaryType="nt:unstructured"
                                    sling:resourceType="granite/ui/components/foundation/form/fieldset"
                                    baseName="colcontrol_"
                                    eaem-nested="NODE_STORE"
                                    fieldDescription="Click on the + button to add Fields"
                                    fieldLabel="Label &amp; Link"
                                    name="./multi">
                                    <layout
                                        jcr:primaryType="nt:unstructured"
                                        sling:resouceType="granite/ui/components/foundation/layouts/fixedcolumns"
                                        method="absolute"/>
                                    <items jcr:primaryType="nt:unstructured">
                                        <column
                                            jcr:primaryType="nt:unstructured"
                                            sling:resourceType="granite/ui/components/foundation/container">
                                            <items jcr:primaryType="nt:unstructured">
                                                <text1
                                                    jcr:primaryType="nt:unstructured"
                                                    sling:resourceType="granite/ui/components/foundation/form/textfield"
                                                    fieldLabel="Text"
                                                    name="./text1"/>
                                                <url1
                                                    jcr:primaryType="nt:unstructured"
                                                    sling:resourceType="granite/ui/components/foundation/form/textfield"
                                                    fieldLabel="URL"
                                                    name="./url1"/>
                                            </items>
                                        </column>
                                    </items>
                                </field>
                            </latestpost>
                        </items>
                    </columns>
                </items>
            </tab2>
            <tab3
                jcr:primaryType="nt:unstructured"
                jcr:title="Links"
                sling:resourceType="granite/ui/components/foundation/container">
                <layout
                    jcr:primaryType="nt:unstructured"
                    sling:resourceType="granite/ui/components/foundation/layouts/fixedcolumns"/>
                <items jcr:primaryType="nt:unstructured">
                    <columns
                        jcr:primaryType="nt:unstructured"
                        sling:resourceType="granite/ui/components/foundation/container">
                        <items jcr:primaryType="nt:unstructured">
                            <titlelinks
                                jcr:primaryType="nt:unstructured"
                                sling:resourceType="cq/gui/components/authoring/dialog/richtext"
                                fieldLabel="Enter Title"
                                name="./title_links"
                                useFixedInlineToolbar="{Boolean}true">
                                <uiSettings jcr:primaryType="nt:unstructured">
                                    <cui jcr:primaryType="nt:unstructured">
                                        <inline
                                            jcr:primaryType="nt:unstructured"
                                            toolbar="[format#bold,format#italic,format#underline,#paraformat,image#imageProps,#justify,#lists,links#modifylink,links#unlink]">
                                            <popovers jcr:primaryType="nt:unstructured">
                                                <justify
                                                    jcr:primaryType="nt:unstructured"
                                                    items="[justify#justifyleft,justify#justifycenter,justify#justifyright]"
                                                    ref="justify"/>
                                                <lists
                                                    jcr:primaryType="nt:unstructured"
                                                    items="[lists#unordered,lists#ordered,lists#outdent,lists#indent]"
                                                    ref="lists"/>
                                                <paraformat
                                                    jcr:primaryType="nt:unstructured"
                                                    items="paraformat:getFormats:paraformat-pulldown"
                                                    ref="paraformat"/>
                                            </popovers>
                                        </inline>
                                    </cui>
                                </uiSettings>
                                <rtePlugins jcr:primaryType="nt:unstructured">
                                    <format
                                        jcr:primaryType="nt:unstructured"
                                        features="*"/>
                                    <justify
                                        jcr:primaryType="nt:unstructured"
                                        features="*"/>
                                    <lists
                                        jcr:primaryType="nt:unstructured"
                                        features="*"/>
                                    <links
                                        jcr:primaryType="nt:unstructured"
                                        features="*"/>
                                    <table
                                        jcr:primaryType="nt:unstructured"
                                        features="[\0]">
                                        <hiddenHeaderConfig
                                            jcr:primaryType="nt:unstructured"
                                            hiddenHeaderClassName="cq-wcm-foundation-aria-visuallyhidden"
                                            hiddenHeaderEditingCSS="coral-RichText-hiddenHeader--editing"/>
                                    </table>
                                    <paraformat
                                        jcr:primaryType="nt:unstructured"
                                        features="*"
                                        width="100">
                                        <formats jcr:primaryType="cq:WidgetCollection">
                                            <p
                                                jcr:primaryType="nt:unstructured"
                                                description="Paragraph"
                                                tag="p"/>
                                            <h2
                                                jcr:primaryType="nt:unstructured"
                                                description="Header 2"
                                                tag="h2"/>
                                            <h3
                                                jcr:primaryType="nt:unstructured"
                                                description="Header 3"
                                                tag="h3"/>
                                            <h4
                                                jcr:primaryType="nt:unstructured"
                                                description="Header 4"
                                                tag="h4"/>
                                        </formats>
                                    </paraformat>
                                </rtePlugins>
                            </titlelinks>
                            <links
                                jcr:primaryType="nt:unstructured"
                                sling:resourceType="granite/ui/components/foundation/form/multifield"
                                baseNode="multilinks_"
                                eaem-nested=""
                                fieldLabel="Enter the Links">
                                <field
                                    jcr:primaryType="nt:unstructured"
                                    sling:resourceType="granite/ui/components/foundation/form/fieldset"
                                    baseName="colcontrol_"
                                    eaem-nested="NODE_STORE"
                                    fieldDescription="Click on the + button to add Fields"
                                    fieldLabel="Label &amp; Link"
                                    name="./multi_links">
                                    <layout
                                        jcr:primaryType="nt:unstructured"
                                        sling:resouceType="granite/ui/components/foundation/layouts/fixedcolumns"
                                        method="absolute"/>
                                    <items jcr:primaryType="nt:unstructured">
                                        <column
                                            jcr:primaryType="nt:unstructured"
                                            sling:resourceType="granite/ui/components/foundation/container">
                                            <items jcr:primaryType="nt:unstructured">
                                                <text2
                                                    jcr:primaryType="nt:unstructured"
                                                    sling:resourceType="granite/ui/components/foundation/form/textfield"
                                                    fieldLabel="Text"
                                                    name="./text2"/>
                                                <url2
                                                    jcr:primaryType="nt:unstructured"
                                                    sling:resourceType="granite/ui/components/foundation/form/textfield"
                                                    fieldLabel="URL"
                                                    name="./url2"/>
                                            </items>
                                        </column>
                                    </items>
                                </field>
                            </links>
                        </items>
                    </columns>
                </items>
            </tab3>
            <tab4
                jcr:primaryType="nt:unstructured"
                jcr:title="Contact Information"
                sling:resourceType="granite/ui/components/foundation/container">
                <layout
                    jcr:primaryType="nt:unstructured"
                    sling:resourceType="granite/ui/components/foundation/layouts/fixedcolumns"/>
                <items jcr:primaryType="nt:unstructured">
                    <columns
                        jcr:primaryType="nt:unstructured"
                        sling:resourceType="granite/ui/components/foundation/container">
                        <items jcr:primaryType="nt:unstructured">
                            <contactinfortitle
                                jcr:primaryType="nt:unstructured"
                                sling:resourceType="cq/gui/components/authoring/dialog/richtext"
                                fieldLabel="Enter Title"
                                name="./contactinfortitle"
                                useFixedInlineToolbar="{Boolean}true">
                                <uiSettings jcr:primaryType="nt:unstructured">
                                    <cui jcr:primaryType="nt:unstructured">
                                        <inline
                                            jcr:primaryType="nt:unstructured"
                                            toolbar="[format#bold,format#italic,format#underline,#paraformat,image#imageProps,#justify,#lists,links#modifylink,links#unlink]">
                                            <popovers jcr:primaryType="nt:unstructured">
                                                <justify
                                                    jcr:primaryType="nt:unstructured"
                                                    items="[justify#justifyleft,justify#justifycenter,justify#justifyright]"
                                                    ref="justify"/>
                                                <lists
                                                    jcr:primaryType="nt:unstructured"
                                                    items="[lists#unordered,lists#ordered,lists#outdent,lists#indent]"
                                                    ref="lists"/>
                                                <paraformat
                                                    jcr:primaryType="nt:unstructured"
                                                    items="paraformat:getFormats:paraformat-pulldown"
                                                    ref="paraformat"/>
                                            </popovers>
                                        </inline>
                                    </cui>
                                </uiSettings>
                                <rtePlugins jcr:primaryType="nt:unstructured">
                                    <format
                                        jcr:primaryType="nt:unstructured"
                                        features="*"/>
                                    <justify
                                        jcr:primaryType="nt:unstructured"
                                        features="*"/>
                                    <lists
                                        jcr:primaryType="nt:unstructured"
                                        features="*"/>
                                    <links
                                        jcr:primaryType="nt:unstructured"
                                        features="*"/>
                                    <table
                                        jcr:primaryType="nt:unstructured"
                                        features="[\0]">
                                        <hiddenHeaderConfig
                                            jcr:primaryType="nt:unstructured"
                                            hiddenHeaderClassName="cq-wcm-foundation-aria-visuallyhidden"
                                            hiddenHeaderEditingCSS="coral-RichText-hiddenHeader--editing"/>
                                    </table>
                                    <paraformat
                                        jcr:primaryType="nt:unstructured"
                                        features="*"
                                        width="100">
                                        <formats jcr:primaryType="cq:WidgetCollection">
                                            <p
                                                jcr:primaryType="nt:unstructured"
                                                description="Paragraph"
                                                tag="p"/>
                                            <h2
                                                jcr:primaryType="nt:unstructured"
                                                description="Header 2"
                                                tag="h2"/>
                                            <h3
                                                jcr:primaryType="nt:unstructured"
                                                description="Header 3"
                                                tag="h3"/>
                                            <h4
                                                jcr:primaryType="nt:unstructured"
                                                description="Header 4"
                                                tag="h4"/>
                                        </formats>
                                    </paraformat>
                                </rtePlugins>
                            </contactinfortitle>
                            <address
                                jcr:primaryType="nt:unstructured"
                                sling:resourceType="cq/gui/components/authoring/dialog/richtext"
                                fieldLabel="Enter Address"
                                name="./contactinfoaddress"
                                useFixedInlineToolbar="{Boolean}true">
                                <uiSettings jcr:primaryType="nt:unstructured">
                                    <cui jcr:primaryType="nt:unstructured">
                                        <inline
                                            jcr:primaryType="nt:unstructured"
                                            toolbar="[format#bold,format#italic,format#underline,#paraformat,image#imageProps,#justify,#lists,links#modifylink,links#unlink]">
                                            <popovers jcr:primaryType="nt:unstructured">
                                                <justify
                                                    jcr:primaryType="nt:unstructured"
                                                    items="[justify#justifyleft,justify#justifycenter,justify#justifyright]"
                                                    ref="justify"/>
                                                <lists
                                                    jcr:primaryType="nt:unstructured"
                                                    items="[lists#unordered,lists#ordered,lists#outdent,lists#indent]"
                                                    ref="lists"/>
                                                <paraformat
                                                    jcr:primaryType="nt:unstructured"
                                                    items="paraformat:getFormats:paraformat-pulldown"
                                                    ref="paraformat"/>
                                            </popovers>
                                        </inline>
                                    </cui>
                                </uiSettings>
                                <rtePlugins jcr:primaryType="nt:unstructured">
                                    <format
                                        jcr:primaryType="nt:unstructured"
                                        features="*"/>
                                    <justify
                                        jcr:primaryType="nt:unstructured"
                                        features="*"/>
                                    <lists
                                        jcr:primaryType="nt:unstructured"
                                        features="*"/>
                                    <links
                                        jcr:primaryType="nt:unstructured"
                                        features="*"/>
                                    <table
                                        jcr:primaryType="nt:unstructured"
                                        features="[\0]">
                                        <hiddenHeaderConfig
                                            jcr:primaryType="nt:unstructured"
                                            hiddenHeaderClassName="cq-wcm-foundation-aria-visuallyhidden"
                                            hiddenHeaderEditingCSS="coral-RichText-hiddenHeader--editing"/>
                                    </table>
                                    <paraformat
                                        jcr:primaryType="nt:unstructured"
                                        features="*"
                                        width="100">
                                        <formats jcr:primaryType="cq:WidgetCollection">
                                            <p
                                                jcr:primaryType="nt:unstructured"
                                                description="Paragraph"
                                                tag="p"/>
                                            <h2
                                                jcr:primaryType="nt:unstructured"
                                                description="Header 2"
                                                tag="h2"/>
                                            <h3
                                                jcr:primaryType="nt:unstructured"
                                                description="Header 3"
                                                tag="h3"/>
                                            <h4
                                                jcr:primaryType="nt:unstructured"
                                                description="Header 4"
                                                tag="h4"/>
                                        </formats>
                                    </paraformat>
                                </rtePlugins>
                            </address>
                            <phno
                                jcr:primaryType="nt:unstructured"
                                sling:resourceType="granite/ui/components/foundation/form/textfield"
                                fieldLabel="Enter Phone Number"
                                name="./contactinfophno"/>
                            <email
                                jcr:primaryType="nt:unstructured"
                                sling:resourceType="granite/ui/components/foundation/form/textfield"
                                fieldLabel="Enter Email"
                                name="./contactinfoemail"/>
                            <website
                                jcr:primaryType="nt:unstructured"
                                sling:resourceType="granite/ui/components/foundation/form/textfield"
                                fieldLabel="Enter Website"
                                name="./contactinfoweb"/>
                        </items>
                    </columns>
                </items>
            </tab4>
            <tab5
                jcr:primaryType="nt:unstructured"
                jcr:title="Copyrights"
                sling:resourceType="granite/ui/components/foundation/container">
                <layout
                    jcr:primaryType="nt:unstructured"
                    sling:resourceType="granite/ui/components/foundation/layouts/fixedcolumns"/>
                <items jcr:primaryType="nt:unstructured">
                    <columns
                        jcr:primaryType="nt:unstructured"
                        sling:resourceType="granite/ui/components/foundation/container">
                        <items jcr:primaryType="nt:unstructured">
                            <copyrights
                                jcr:primaryType="nt:unstructured"
                                sling:resourceType="cq/gui/components/authoring/dialog/richtext"
                                fieldLabel="copyrights"
                                name="./copyrights"
                                useFixedInlineToolbar="{Boolean}true">
                                <uiSettings jcr:primaryType="nt:unstructured">
                                    <cui jcr:primaryType="nt:unstructured">
                                        <inline
                                            jcr:primaryType="nt:unstructured"
                                            toolbar="[format#bold,format#italic,format#underline,#paraformat,image#imageProps,#justify,#lists,links#modifylink,links#unlink]">
                                            <popovers jcr:primaryType="nt:unstructured">
                                                <justify
                                                    jcr:primaryType="nt:unstructured"
                                                    items="[justify#justifyleft,justify#justifycenter,justify#justifyright]"
                                                    ref="justify"/>
                                                <lists
                                                    jcr:primaryType="nt:unstructured"
                                                    items="[lists#unordered,lists#ordered,lists#outdent,lists#indent]"
                                                    ref="lists"/>
                                                <paraformat
                                                    jcr:primaryType="nt:unstructured"
                                                    items="paraformat:getFormats:paraformat-pulldown"
                                                    ref="paraformat"/>
                                            </popovers>
                                        </inline>
                                    </cui>
                                </uiSettings>
                                <rtePlugins jcr:primaryType="nt:unstructured">
                                    <format
                                        jcr:primaryType="nt:unstructured"
                                        features="*"/>
                                    <justify
                                        jcr:primaryType="nt:unstructured"
                                        features="*"/>
                                    <lists
                                        jcr:primaryType="nt:unstructured"
                                        features="*"/>
                                    <links
                                        jcr:primaryType="nt:unstructured"
                                        features="*"/>
                                    <table
                                        jcr:primaryType="nt:unstructured"
                                        features="[\0]">
                                        <hiddenHeaderConfig
                                            jcr:primaryType="nt:unstructured"
                                            hiddenHeaderClassName="cq-wcm-foundation-aria-visuallyhidden"
                                            hiddenHeaderEditingCSS="coral-RichText-hiddenHeader--editing"/>
                                    </table>
                                    <paraformat
                                        jcr:primaryType="nt:unstructured"
                                        features="*"
                                        width="100">
                                        <formats jcr:primaryType="cq:WidgetCollection">
                                            <p
                                                jcr:primaryType="nt:unstructured"
                                                description="Paragraph"
                                                tag="p"/>
                                            <h2
                                                jcr:primaryType="nt:unstructured"
                                                description="Header 2"
                                                tag="h2"/>
                                            <h3
                                                jcr:primaryType="nt:unstructured"
                                                description="Header 3"
                                                tag="h3"/>
                                            <h4
                                                jcr:primaryType="nt:unstructured"
                                                description="Header 4"
                                                tag="h4"/>
                                        </formats>
                                    </paraformat>
                                </rtePlugins>
                            </copyrights>
                        </items>
                    </columns>
                </items>
            </tab5>
        </items>
    </content>
</jcr:root>
